pair_id,probability,prediction
1,0.49770495295524597,1
2,0.9998235106468201,1
3,0.0005867005093023181,0
4,0.9627143740653992,1
